Model,Horizon,RMSE,MAE,MAPE
Baseline_Prophet,7-day,339.5972632405806,338.43853593219916,5.052865108418661
Baseline_Prophet,30-day,345.72110314834794,340.83118196809494,5.073563624154902
Optimized_Prophet,7-day,282.7768115253451,281.5007574896581,4.202583622139743
Optimized_Prophet,30-day,284.5958747614599,278.72865712322294,4.147692104593008
